Workbook

Sheet Products
A1: ProductID | B1: Product | C1: Price | D1: Ord/Not ord
A2: 101 | B2: Product A | C2: 120 | D2: =IF(ISNA(VLOOKUP(A2,Orders!$B$1:$C$7,1,FALSE)),"NotOrdered","Ordered") -> Ordered | F2: 1. Use VLOOKUP to find the product names for each ProductID in the Orders worksheet. 2. Use VLOOKUP to find the price for each ProductID in the Orders worksheet, then calculate the TotalPrice by multiplying the Quantity by the Product Price. 3. Use VLOOKUP to check if there are any ProductIDs in the Orders worksheet that do not exist in the Products worksheet. 4. Assume a discount of 10% is given on all products. Use VLOOKUP to find the original price and then calculate the discounted price. 5. Use VLOOKUP to find the price for each ProductID and then calculate the order value. Find the maximum order value from the list. 6. Use VLOOKUP to find out which products from the Products worksheet have not been ordered. 7. Use VLOOKUP to find the Product name and summarize the total quantity sold for each product.
A3: 102 | B3: Product B | C3: 150 | D3: =IF(ISNA(VLOOKUP(A3,Orders!$B$1:$C$7,1,FALSE)),"NotOrdered","Ordered") -> Ordered
A4: 103 | B4: Product C | C4: 200 | D4: =IF(ISNA(VLOOKUP(A4,Orders!$B$1:$C$7,1,FALSE)),"NotOrdered","Ordered") -> Ordered
A5: 104 | B5: Product D | C5: 90 | D5: =IF(ISNA(VLOOKUP(A5,Orders!$B$1:$C$7,1,FALSE)),"NotOrdered","Ordered") -> Ordered
A6: 105 | B6: Product E | C6: 220 | D6: =IF(ISNA(VLOOKUP(A6,Orders!$B$1:$C$7,1,FALSE)),"NotOrdered","Ordered") -> Ordered
A7: 106 | B7: Product F | C7: 130 | D7: =IF(ISNA(VLOOKUP(A7,Orders!$B$1:$C$7,1,FALSE)),"NotOrdered","Ordered") -> Ordered
A8: 108 | B8: Product H | C8: 110 | D8: =IF(ISNA(VLOOKUP(A8,Orders!$B$1:$C$7,1,FALSE)),"NotOrdered","Ordered") -> NotOrdered

Sheet Orders
A1: OrderID | B1: ProductID | C1: ProductName | D1: Quantity | E1: Unit Price | F1: Disc Price | G1: TotalPrice | H1: Prod pres/not
A2: 1 | B2: 101 | C2: =VLOOKUP(Orders!B2,Products!$A$2:$C$7,2,FALSE) -> Product A | D2: 2 | E2: =VLOOKUP(B2,Products!$A$2:$C$7,3,FALSE) -> 120 | F2: =E2-(E2/10) -> 108 | G2: =F2*D2 -> 216 | H2: =IF(ISNA(VLOOKUP(B2,Products!$A$1:$A$7,1,FALSE)),"no","YES") -> YES
A3: 2 | B3: 103 | C3: =VLOOKUP(Orders!B3,Products!$A$2:$C$7,2,FALSE) -> Product C | D3: 1 | E3: =VLOOKUP(B3,Products!$A$2:$C$7,3,FALSE) -> 200 | F3: =E3-(E3/10) -> 180 | G3: =F3*D3 -> 180 | H3: =IF(ISNA(VLOOKUP(B3,Products!$A$1:$A$7,1,FALSE)),"no","YES") -> YES
A4: 3 | B4: 105 | C4: =VLOOKUP(Orders!B4,Products!$A$2:$C$7,2,FALSE) -> Product E | D4: 4 | E4: =VLOOKUP(B4,Products!$A$2:$C$7,3,FALSE) -> 220 | F4: =E4-(E4/10) -> 198 | G4: =F4*D4 -> 792 | H4: =IF(ISNA(VLOOKUP(B4,Products!$A$1:$A$7,1,FALSE)),"no","YES") -> YES
A5: 4 | B5: 106 | C5: =VLOOKUP(Orders!B5,Products!$A$2:$C$7,2,FALSE) -> Product F | D5: 3 | E5: =VLOOKUP(B5,Products!$A$2:$C$7,3,FALSE) -> 130 | F5: =E5-(E5/10) -> 117 | G5: =F5*D5 -> 351 | H5: =IF(ISNA(VLOOKUP(B5,Products!$A$1:$A$7,1,FALSE)),"no","YES") -> YES
A6: 5 | B6: 102 | C6: =VLOOKUP(Orders!B6,Products!$A$2:$C$7,2,FALSE) -> Product B | D6: 5 | E6: =VLOOKUP(B6,Products!$A$2:$C$7,3,FALSE) -> 150 | F6: =E6-(E6/10) -> 135 | G6: =F6*D6 -> 675 | H6: =IF(ISNA(VLOOKUP(B6,Products!$A$1:$A$7,1,FALSE)),"no","YES") -> YES
A7: 6 | B7: 104 | C7: =VLOOKUP(Orders!B7,Products!$A$2:$C$7,2,FALSE) -> Product D | D7: 6 | E7: =VLOOKUP(B7,Products!$A$2:$C$7,3,FALSE) -> 90 | F7: =E7-(E7/10) -> 81 | G7: =F7*D7 -> 486 | H7: =IF(ISNA(VLOOKUP(B7,Products!$A$1:$A$7,1,FALSE)),"no","YES") -> YES
A8: 7 | B8: 107 | F8: =G8-(G8/10) -> 0 | H8: =IF(ISNA(VLOOKUP(B8,Products!$A$1:$A$7,1,FALSE)),"no","YES") -> no
F10: MaxValue-> | G10: =MAX(G2:G7) -> 792
