Workbook

Sheet Data1
A1: Name | B1: Sub1 | C1: Sub2 | D1: Sub3
A2: Soham | B2: 65 | C2: 68 | D2: 90
A3: Amiya | B3: 45 | C3: 64 | D3: 98
A4: Ajay | B4: 56 | C4: 79 | D4: 83
A5: Nisha | B5: 83 | C5: 87 | D5: 51
A6: Sahil | B6: 78 | C6: 90 | D6: 68
A7: Riya | B7: 60 | C7: 87 | D7: 93
A8: Nilay | B8: 65 | C8: 98 | D8: 78

Sheet Data2
A1: Name | B1: Sub1 | C1: Sub2 | D1: Sub3
A2: Soham | B2: 66 | C2: 74 | D2: 90
A3: Amiya | B3: 45 | C3: 55 | D3: 98
A4: Ajay | B4: 56 | C4: 90 | D4: 83
A5: Nisha | B5: 83 | C5: 67 | D5: 51
A6: Sahil | B6: 78 | C6: 95 | D6: 68
A7: Riya | B7: 77 | C7: 87 | D7: 93
A8: Nilay | B8: 100 | C8: 98 | D8: 78

Sheet Data3
A1: Name | B1: Sub1 | C1: Sub2 | D1: Sub3
A2: Soham | B2: 70 | C2: 100 | D2: 90
A3: Amiya | B3: 55 | C3: 64 | D3: 98
A4: Ajay | B4: 80 | C4: 79 | D4: 83
A5: Nisha | B5: 83 | C5: 87 | D5: 85
A6: Sahil | B6: 78 | C6: 90 | D6: 86
A7: Riya | B7: 98 | C7: 87 | D7: 93
A8: Nilay | B8: 83 | C8: 98 | D8: 78

Sheet 3dSum & Consolidation
B2: =SUM(Data1:Data3!B2) -> 201 | C2: =SUM(Data1:Data3!C2) -> 242 | D2: =SUM(Data1:Data3!D2) -> 270
B3: =SUM(Data1:Data3!B3) -> 145 | C3: =SUM(Data1:Data3!C3) -> 183 | D3: =SUM(Data1:Data3!D3) -> 294
B4: =SUM(Data1:Data3!B4) -> 192 | C4: =SUM(Data1:Data3!C4) -> 248 | D4: =SUM(Data1:Data3!D4) -> 249
B5: =SUM(Data1:Data3!B5) -> 249 | C5: =SUM(Data1:Data3!C5) -> 241 | D5: =SUM(Data1:Data3!D5) -> 187
B6: =SUM(Data1:Data3!B6) -> 234 | C6: =SUM(Data1:Data3!C6) -> 275 | D6: =SUM(Data1:Data3!D6) -> 222
B7: =SUM(Data1:Data3!B7) -> 235 | C7: =SUM(Data1:Data3!C7) -> 261 | D7: =SUM(Data1:Data3!D7) -> 279 | J7: Sub1 | K7: Sub2 | L7: Sub3
B8: =SUM(Data1:Data3!B8) -> 248 | C8: =SUM(Data1:Data3!C8) -> 294 | D8: =SUM(Data1:Data3!D8) -> 234 | I8: Soham | J8: 201 | K8: 227 | L8: 270
I9: Amiya | J9: 145 | K9: 183 | L9: 294
B10: 3d Sum | I10: Ajay | J10: 192 | K10: 248 | L10: 249
I11: Nisha | J11: 249 | K11: 241 | L11: 187
I12: Sahil | J12: 234 | K12: 275 | L12: 222
I13: Riya | J13: 235 | K13: 261 | L13: 279
I14: Nilay | J14: 248 | K14: 294 | L14: 234
J16: Consolidate

Sheet Consolidation(Links)
H5: Sub1 | I5: Sub2 | J5: Sub3
G6: 5Th March | H6: =Data1!$B$2 -> 65 | I6: =Data1!$C$2 -> 68 | J6: =Data1!$D$2 -> 90
G7: 5Th March | H7: =Data2!$B$2 -> 66 | I7: =Data2!$C$2 -> 74 | J7: =Data2!$D$2 -> 90
G8: 5Th March | H8: =Data3!$B$2 -> 70 | I8: =Data3!$C$2 -> 100 | J8: =Data3!$D$2 -> 90
F9: Soham | H9: =SUM(H6:H8) -> 201 | I9: =SUM(I6:I8) -> 242 | J9: =SUM(J6:J8) -> 270
G10: 5Th March | H10: =Data1!$B$3 -> 45 | I10: =Data1!$C$3 -> 64 | J10: =Data1!$D$3 -> 98
G11: 5Th March | H11: =Data2!$B$3 -> 45 | I11: =Data2!$C$3 -> 55 | J11: =Data2!$D$3 -> 98
G12: 5Th March | H12: =Data3!$B$3 -> 55 | I12: =Data3!$C$3 -> 64 | J12: =Data3!$D$3 -> 98
F13: Amiya | H13: =SUM(H10:H12) -> 145 | I13: =SUM(I10:I12) -> 183 | J13: =SUM(J10:J12) -> 294
G14: 5Th March | H14: =Data1!$B$4 -> 56 | I14: =Data1!$C$4 -> 79 | J14: =Data1!$D$4 -> 83
G15: 5Th March | H15: =Data2!$B$4 -> 56 | I15: =Data2!$C$4 -> 90 | J15: =Data2!$D$4 -> 83
G16: 5Th March | H16: =Data3!$B$4 -> 80 | I16: =Data3!$C$4 -> 79 | J16: =Data3!$D$4 -> 83
F17: Ajay | H17: =SUM(H14:H16) -> 192 | I17: =SUM(I14:I16) -> 248 | J17: =SUM(J14:J16) -> 249
G18: 5Th March | H18: =Data1!$B$5 -> 83 | I18: =Data1!$C$5 -> 87 | J18: =Data1!$D$5 -> 51
G19: 5Th March | H19: =Data2!$B$5 -> 83 | I19: =Data2!$C$5 -> 67 | J19: =Data2!$D$5 -> 51
G20: 5Th March | H20: =Data3!$B$5 -> 83 | I20: =Data3!$C$5 -> 87 | J20: =Data3!$D$5 -> 85
F21: Nisha | H21: =SUM(H18:H20) -> 249 | I21: =SUM(I18:I20) -> 241 | J21: =SUM(J18:J20) -> 187
G22: 5Th March | H22: =Data1!$B$6 -> 78 | I22: =Data1!$C$6 -> 90 | J22: =Data1!$D$6 -> 68
G23: 5Th March | H23: =Data2!$B$6 -> 78 | I23: =Data2!$C$6 -> 95 | J23: =Data2!$D$6 -> 68
G24: 5Th March | H24: =Data3!$B$6 -> 78 | I24: =Data3!$C$6 -> 90 | J24: =Data3!$D$6 -> 86
F25: Sahil | H25: =SUM(H22:H24) -> 234 | I25: =SUM(I22:I24) -> 275 | J25: =SUM(J22:J24) -> 222
G26: 5Th March | H26: =Data1!$B$7 -> 60 | I26: =Data1!$C$7 -> 87 | J26: =Data1!$D$7 -> 93
G27: 5Th March | H27: =Data2!$B$7 -> 77 | I27: =Data2!$C$7 -> 87 | J27: =Data2!$D$7 -> 93
G28: 5Th March | H28: =Data3!$B$7 -> 98 | I28: =Data3!$C$7 -> 87 | J28: =Data3!$D$7 -> 93
F29: Riya | H29: =SUM(H26:H28) -> 235 | I29: =SUM(I26:I28) -> 261 | J29: =SUM(J26:J28) -> 279
G30: 5Th March | H30: =Data1!$B$8 -> 65 | I30: =Data1!$C$8 -> 98 | J30: =Data1!$D$8 -> 78
G31: 5Th March | H31: =Data2!$B$8 -> 100 | I31: =Data2!$C$8 -> 98 | J31: =Data2!$D$8 -> 78
G32: 5Th March | H32: =Data3!$B$8 -> 83 | I32: =Data3!$C$8 -> 98 | J32: =Data3!$D$8 -> 78
F33: Nilay | H33: =SUM(H30:H32) -> 248 | I33: =SUM(I30:I32) -> 294 | J33: =SUM(J30:J32) -> 234

Sheet Data Validation1
C2: Name | D2: Number | E2: Date | F2: List1 | G2: List2
I4: Name of lenghts beween 3&10
I5: Number, a whole no. between 1 & 100
I6: Date between 01/01/26 to 31/12/26
